2000186390221\AQNAA1142-100.png,2000186390221\AQNAA1142-100-open.png,2000186390221\AQNAA1142_front.jpg,2000186390221\AQNAA1142.pdf,2000186390221\AQNAA%20handle.jpg,2000186390221\AQNAA%20handle%20%282%29.jpg,2000186390221\AQNAA%20top%20rroller.jpg,2000186390221\AQNAA%20wall%20side.jpg,2000186390221\AQNAA1142%20TOP.jpg
2000186390238\AQNAA2142-80.png,2000186390238\AQNAA2142-80-open.png,2000186390238\AQNAA2142_front.jpg,2000186390238\AQNAA2142.pdf,2000186390238\AQNAA%20handle.jpg,2000186390238\AQNAA%20bottom%20roller.jpg,2000186390238\AQNAA%20handle%20%282%29.jpg,2000186390238\AQNAA%20top%20rroller.jpg,2000186390238\AQNAA2142_front%20%282%29.jpg,2000186390238\AQNAA2142%20bottom%20rail.jpg,2000186390238\AQNAA2142%20top%20rail.jpg
2000186390245\AQNAA2142-90.png,2000186390245\AQNAA2142-90-open.png,2000186390245\AQNAA2142_front.jpg,2000186390245\2.%20%D0%92%D0%B5%D0%B3%D0%B0%20-%20AQ2904-00_AQ1058-00_AQ5506-00_AQNAA2142-90%20.png,2000186390245\AQNAA2142.pdf,2000186390245\AQNAA%20handle.jpg,2000186390245\AQNAA%20bottom%20roller.jpg,2000186390245\AQNAA%20handle%20%282%29.jpg,2000186390245\AQNAA%20top%20rroller.jpg,2000186390245\AQNAA2142_front%20%282%29.jpg,2000186390245\AQNAA2142%20bottom%20rail.jpg,2000186390245\AQNAA2142%20top%20rail.jpg
2000186390252\AQNAA2142-100.png,2000186390252\AQNAA2142-100-open.png,2000186390252\AQNAA2142_front.jpg,2000186390252\AQNAA2142.pdf,2000186390252\AQNAA%20handle.jpg,2000186390252\AQNAA%20bottom%20roller.jpg,2000186390252\AQNAA%20handle%20%282%29.jpg,2000186390252\AQNAA%20top%20rroller.jpg,2000186390252\AQNAA2142_front%20%282%29.jpg,2000186390252\AQNAA2142%20bottom%20rail.jpg,2000186390252\AQNAA2142%20top%20rail.jpg
2000186390269\AQNAA1142-80.png,2000186390269\AQNAA1142-80-open.png,2000186390269\AQNAA1142_front.jpg,2000186390269\AQNAA1142.pdf,2000186390269\AQNAA%20handle.jpg,2000186390269\AQNAA%20bottom%20roller.jpg,2000186390269\AQNAA%20handle%20%282%29.jpg,2000186390269\AQNAA%20top%20rroller.jpg,2000186390269\AQNAA%20wall%20side.jpg,2000186390269\AQNAA1142%20TOP.jpg
2000186390276\AQNAA1142-90.png,2000186390276\AQNAA1142-90-open.png,2000186390276\AQNAA1142_front.jpg,2000186390276\AQNAA1142.pdf,2000186390276\AQNAA%20handle.jpg,2000186390276\AQNAA%20bottom%20roller.jpg,2000186390276\AQNAA%20handle%20%282%29.jpg,2000186390276\AQNAA%20top%20rroller.jpg,2000186390276\AQNAA%20wall%20side.jpg,2000186390276\AQNAA1142%20TOP.jpg
2000186390283\AQNAA6310-80.png,2000186390283\AQNAA6310_front.jpg,2000186390283\AQNAA6310.pdf,2000186390283\AQNAA%20wall%20side.jpg
2000186390290\AQNAA6310-90.png,2000186390290\AQNAA6310_front.jpg,2000186390290\AQNAA6310.pdf,2000186390290\AQNAA%20wall%20side.jpg
2000186390306\AQNAA6310-100.png,2000186390306\AQNAA6310_front.jpg,2000186390306\AQNAA6310.pdf,2000186390306\AQNAA%20wall%20side.jpg
2000186390313\AQNAA6211-80.png,2000186390313\AQNAA6211-80-open.png,2000186390313\AQNAA6211_front.jpg,2000186390313\AQNAA6211.pdf,2000186390313\AQNAA%20wall%20side.jpg
2000186390320\AQNAA6211-90.png,2000186390320\AQNAA6211-90-open.png,2000186390320\AQNAA6211_front.jpg,2000186390320\AQNAA6211.pdf,2000186390320\AQNAA%20wall%20side.jpg
2000186390337\AQNAA6211-100.png,2000186390337\AQNAA6211-100-open.png,2000186390337\AQNAA6211_front.jpg,2000186390337\AQNAA6211.pdf,2000186390337\AQNAA%20wall%20side.jpg
2000186390344\AQNAA6121-100.png,2000186390344\AQNAA6121-100-open.png,2000186390344\AQNAA6121_front.jpg,2000186390344\AQNAA6121.pdf,2000186390344\AQNAA%20handle.jpg,2000186390344\AQNAA%20bottom%20roller.jpg,2000186390344\AQNAA%20handle%20%282%29.jpg,2000186390344\AQNAA%20top%20rroller.jpg,2000186390344\AQNAA%20wall%20side.jpg
2000186390351\AQNAA6121-120.png,2000186390351\AQNAA6121-120-open.png,2000186390351\AQNAA6121_front.jpg,2000186390351\AQNAA6121.pdf,2000186390351\AQNAA%20handle.jpg,2000186390351\AQNAA%20bottom%20roller.jpg,2000186390351\AQNAA%20handle%20%282%29.jpg,2000186390351\AQNAA%20top%20rroller.jpg,2000186390351\AQNAA%20wall%20side.jpg
2000186390368\AQNAR6310-120.png,2000186390368\AQNAR6310%20walkin.jpg,2000186390368\AQNAR6310.pdf,2000186390368\AQNAR6310%20support.jpg
2000186390375\AQNAR6310-120.png,2000186390375\AQNAR6310%20walkin.jpg,2000186390375\AQNAR6310.pdf,2000186390375\AQNAR6310%20support.jpg
2000186390382\AQNAR6310-120.png,2000186390382\AQNAR6310%20walkin.jpg,2000186390382\AQNAR6310.pdf,2000186390382\AQNAR6310%20support.jpg
2000186390399\AQNAR6310-120.png,2000186390399\AQNAR6310%20walkin.jpg,2000186390399\AQNAR6310.pdf,2000186390399\AQNAR6310%20support.jpg
2000186390405\AQNAP6211-80.png,2000186390405\AQNAP6211%20bathscreen.jpg,2000186390405\AQNAP6211.pdf,2000186390405\AQNAP6211%20bathscreen%20pivot.jpg
2000186390412\AQNFB6222-100.png,2000186390412\AQNFB6222%20bathscreen.jpg,2000186390412\AQNFB6222.pdf
2000186390429\AQNAR6310-120.png,2000186390429\NAG6310%20walkin.jpg,2000186390429\AQNAR6310.pdf
2000186407981\AQNAA1142-100.png,2000186407981\AQNAA1142-100-open.png,2000186407981\AQ%20ARI%20KV10020BL.jpg,2000186407981\AQNAA1142.pdf,2000186407981\AQNAA%20bottom%20roller.jpg,2000186407981\AQNAA%20top%20rroller.jpg
2000186407998\AQNAA1142-100.png,2000186407998\AQNAA1142-100-open.png,2000186407998\AQ%20ARI%20KV10020BL.jpg,2000186407998\AQNAA1142.pdf,2000186407998\AQNAA%20bottom%20roller.jpg,2000186407998\AQNAA%20top%20rroller.jpg
2000186408018\AQ%20ARI%20PI%2010020BL.jpg,2000186408018\AQNAA6211.pdf
2000186408025\AQ%20ARI%20PI%2010020BL.jpg,2000186408025\AQNAA6211.pdf
2000186408032\AQNAA6121-120.png,2000186408032\AQNAA6121-120-open.png,2000186408032\AQ%20ARI%20RA%2012020BL.jpg,2000186408032\AQ%20ARI%20RA%2012020BL_1.jpg,2000186408032\AQNAA6121.pdf,2000186408032\AQNAA%20bottom%20roller.jpg,2000186408032\AQNAA%20top%20rroller.jpg
2000186408049\AQNAA6121-120.png,2000186408049\AQNAA6121-120-open.png,2000186408049\AQ%20ARI%20RA%2012020BL.jpg,2000186408049\AQ%20ARI%20RA%2012020BL_1.jpg,2000186408049\AQNAA6121.pdf,2000186408049\AQNAA%20bottom%20roller.jpg,2000186408049\AQNAA%20top%20rroller.jpg
2000186408056\AQNAA2142-100.png,2000186408056\AQNAA2142-100-open.png,2000186408056\AQ%20ARI%20RO10020BL.jpg,2000186408056\AQNAA2142.pdf,2000186408056\AQNAA%20bottom%20roller.jpg,2000186408056\AQNAA%20top%20rroller.jpg
2000186408063\AQNAA2142-100.png,2000186408063\AQNAA2142-100-open.png,2000186408063\AQ%20ARI%20RO10020BL.jpg,2000186408063\AQNAA2142.pdf,2000186408063\AQNAA%20bottom%20roller.jpg,2000186408063\AQNAA%20top%20rroller.jpg
2000186408070\AQNAA6310-100.png,2000186408070\AQ%20ARI%20WA%2010020BL.jpg,2000186408070\AQ%20ARI%20WA%2010020BL_1.jpg,2000186408070\AQNAA6310.pdf
2000186408087\AQNAA6310-100.png,2000186408087\AQ%20ARI%20WA%2010020BL.jpg,2000186408087\AQ%20ARI%20WA%2010020BL_1.jpg,2000186408087\AQNAA6310.pdf
2000186408094\AQNAA6310-100.png,2000186408094\AQ%20ARI%20WA%2010020BL.jpg,2000186408094\AQ%20ARI%20WA%2010020BL_1.jpg,2000186408094\AQNAA6310.pdf
2000186408100\AQNAP6211-80.png,2000186408100\AQ%20DEL%20SBA%2008015BL.jpg,2000186408100\AQNAP6211.pdf
2000186408117\AQNAR6310-120.png,2000186408117\AQNAR6310%20walkin.jpg,2000186408117\NAR6310.jpeg
2000186408155\AQNAR6310-120.png,2000186408155\AQNAR6310%20walkin.jpg,2000186408155\NAR6310.jpeg
2000186408179\AQNAR6310-120.png,2000186408179\AQ%20WIW%2014020CH.jpg,2000186408179\AQNAR6310.pdf
2000186408193\AQNAR6310-120.png,2000186408193\AQ%20WIW%2014020CH.jpg,2000186408193\AQNAR6310.pdf
2000186408216\AQNAR6310-120.png,2000186408216\AQ%20WIW%2014020CH.jpg,2000186408216\AQNAR6310.pdf
2000186408230\AQNAR6310-120.png,2000186408230\AQ%20WIW%2014020CH.jpg,2000186408230\AQNAR6310.pdf
